Iteration,Basic-Block,in[B],out[B]
0,B0,,D0
0,B1,,
0,B10,,
0,B11,,D3
0,B12,,
0,B13,,
0,B14,,
0,B15,,D4
0,B16,,
0,B17,,
0,B18,,
0,B19,,
0,B2,,
0,B20,,
0,B21,,
0,B22,,
0,B23,,
0,B24,,
0,B25,,
0,B26,,D5
0,B27,,D6
0,B28,,
0,B29,,
0,B3,,
0,B30,,
0,B31,,
0,B32,,
0,B33,,
0,B34,,D7 D8
0,B35,,D9
0,B36,,
0,B37,,D10 D11 D12
0,B38,,
0,B39,,
0,B4,,
0,B40,,
0,B41,,
0,B42,,
0,B43,,D13
0,B44,,
0,B45,,
0,B46,,
0,B47,,D14 D15 D16
0,B48,,D17
0,B49,,
0,B5,,
0,B50,,
0,B51,,
0,B52,,D18
0,B53,,
0,B54,,
0,B55,,D19
0,B56,,
0,B57,,
0,B58,,
0,B59,,
0,B6,,
0,B60,,
0,B61,,
0,B62,,
0,B63,,
0,B64,,
0,B7,,D1
0,B8,,
0,B9,,D2
1,B0,,D0
1,B1,D0,D0
1,B10,D0 D1,D0 D1
1,B11,D0 D1,D0 D1 D3
1,B12,D0 D1 D3,D0 D1 D3
1,B13,D0 D1 D3,D0 D1 D3
1,B14,D0 D1 D3,D0 D1 D3
1,B15,D0 D1 D3,D0 D3 D4
1,B16,D0 D1 D3 D4,D0 D1 D3 D4
1,B17,D0 D1 D3 D4,D0 D1 D3 D4
1,B18,D0 D1 D3,D0 D1 D3
1,B19,D0 D1 D2 D3,D0 D1 D2 D3
1,B2,D0,D0
1,B20,D0 D1 D2 D3,D0 D1 D2 D3
1,B21,D0 D1 D2 D3,D0 D1 D2 D3
1,B22,D0 D1 D2 D3,D0 D1 D2 D3
1,B23,D0 D1 D2 D3,D0 D1 D2 D3
1,B24,D0,D0
1,B25,D0,D0
1,B26,D0,D0 D5
1,B27,D0 D5,D0 D5 D6
1,B28,D0 D5 D6,D0 D5 D6
1,B29,D0 D5 D6,D0 D5 D6
1,B3,D0,D0
1,B30,D0 D5 D6,D0 D5 D6
1,B31,D0 D5 D6,D0 D5 D6
1,B32,D0,D0
1,B33,D0,D0
1,B34,D0,D0 D7 D8
1,B35,D0 D7 D8,D0 D7 D8 D9
1,B36,D0 D7 D8 D9,D0 D7 D8 D9
1,B37,D0 D7 D8 D9,D0 D10 D11 D12 D9
1,B38,D0 D10 D11 D12 D9,D0 D10 D11 D12 D9
1,B39,D0 D7 D8 D9,D0 D7 D8 D9
1,B4,D0,D0
1,B40,D0,D0
1,B41,D0,D0
1,B42,D0,D0
1,B43,D0,D0 D13
1,B44,D0 D13,D0 D13
1,B45,D0 D13,D0 D13
1,B46,D0 D13,D0 D13
1,B47,D0 D13,D0 D13 D14 D15 D16
1,B48,D0 D13 D14 D15 D16,D0 D14 D15 D16 D17
1,B49,D0 D14 D15 D16 D17,D0 D14 D15 D16 D17
1,B5,D0,D0
1,B50,D0 D14 D15 D16 D17,D0 D14 D15 D16 D17
1,B51,D0 D14 D15 D16 D17,D0 D14 D15 D16 D17
1,B52,D0 D14 D15 D16 D17,D0 D14 D16 D17 D18
1,B53,D0 D14 D15 D16 D17 D18,D0 D14 D15 D16 D17 D18
1,B54,D0 D14 D15 D16 D17 D18,D0 D14 D15 D16 D17 D18
1,B55,D0 D14 D15 D16 D17 D18,D0 D14 D15 D17 D18 D19
1,B56,D0 D14 D15 D16 D17 D18 D19,D0 D14 D15 D16 D17 D18 D19
1,B57,D0 D14 D15 D16 D17 D18 D19,D0 D14 D15 D16 D17 D18 D19
1,B58,D0 D14 D15 D16 D17,D0 D14 D15 D16 D17
1,B59,D0,D0
1,B6,D0,D0
1,B60,D0 D14 D15 D16 D17,D0 D14 D15 D16 D17
1,B61,D0 D14 D15 D16 D17 D7 D8 D9,D0 D14 D15 D16 D17 D7 D8 D9
1,B62,D0 D14 D15 D16 D17 D5 D6 D7 D8 D9,D0 D14 D15 D16 D17 D5 D6 D7 D8 D9
1,B63,D0 D1 D14 D15 D16 D17 D2 D3 D5 D6 D7 D8 D9,D0 D1 D14 D15 D16 D17 D2 D3 D5 D6 D7 D8 D9
1,B64,D0,D0
1,B7,D0,D0 D1
1,B8,D0 D1,D0 D1
1,B9,D0 D1,D0 D2
2,B0,,D0
2,B1,D0 D1 D14 D15 D16 D17 D2 D3 D5 D6 D7 D8 D9,D0 D1 D14 D15 D16 D17 D2 D3 D5 D6 D7 D8 D9
2,B10,D0 D1 D14 D15 D16 D17 D3 D5 D6 D7 D8 D9,D0 D1 D14 D15 D16 D17 D3 D5 D6 D7 D8 D9
2,B11,D0 D1 D14 D15 D16 D17 D3 D5 D6 D7 D8 D9,D0 D1 D14 D15 D16 D3 D5 D7 D8
2,B12,D0 D1 D14 D15 D16 D3 D4 D5 D7 D8,D0 D1 D14 D15 D16 D3 D4 D5 D7 D8
2,B13,D0 D1 D14 D15 D16 D3 D4 D5 D7 D8,D0 D1 D14 D15 D16 D3 D4 D5 D7 D8
2,B14,D0 D1 D14 D15 D16 D3 D4 D5 D7 D8,D0 D1 D14 D15 D16 D3 D4 D5 D7 D8
2,B15,D0 D1 D14 D15 D16 D3 D4 D5 D7 D8,D0 D14 D15 D16 D3 D4 D5 D7 D8
2,B16,D0 D1 D14 D15 D16 D3 D4 D5 D7 D8,D0 D1 D14 D15 D16 D3 D4 D5 D7 D8
2,B17,D0 D1 D14 D15 D16 D3 D4 D5 D7 D8,D0 D1 D14 D15 D16 D3 D4 D5 D7 D8
2,B18,D0 D1 D14 D15 D16 D3 D4 D5 D7 D8,D0 D1 D14 D15 D16 D3 D4 D5 D7 D8
2,B19,D0 D1 D14 D15 D16 D17 D2 D3 D4 D5 D6 D7 D8 D9,D0 D1 D14 D15 D16 D17 D2 D3 D4 D5 D6 D7 D8 D9
2,B2,D0 D1 D14 D15 D16 D17 D2 D3 D5 D6 D7 D8 D9,D0 D1 D14 D15 D16 D17 D2 D3 D5 D6 D7 D8 D9
2,B20,D0 D1 D14 D15 D16 D17 D2 D3 D4 D5 D6 D7 D8 D9,D0 D1 D14 D15 D16 D17 D2 D3 D4 D5 D6 D7 D8 D9
2,B21,D0 D1 D14 D15 D16 D17 D2 D3 D4 D5 D6 D7 D8 D9,D0 D1 D14 D15 D16 D17 D2 D3 D4 D5 D6 D7 D8 D9
2,B22,D0 D1 D14 D15 D16 D17 D2 D3 D4 D5 D6 D7 D8 D9,D0 D1 D14 D15 D16 D17 D2 D3 D4 D5 D6 D7 D8 D9
2,B23,D0 D1 D14 D15 D16 D17 D2 D3 D4 D5 D6 D7 D8 D9,D0 D1 D14 D15 D16 D17 D2 D3 D4 D5 D6 D7 D8 D9
2,B24,D0 D1 D14 D15 D16 D17 D2 D3 D5 D6 D7 D8 D9,D0 D1 D14 D15 D16 D17 D2 D3 D5 D6 D7 D8 D9
2,B25,D0 D1 D14 D15 D16 D17 D2 D3 D5 D6 D7 D8 D9,D0 D1 D14 D15 D16 D17 D2 D3 D5 D6 D7 D8 D9
2,B26,D0 D1 D14 D15 D16 D17 D2 D3 D5 D6 D7 D8 D9,D0 D1 D14 D15 D16 D17 D2 D3 D5 D6 D7 D8 D9
2,B27,D0 D1 D14 D15 D16 D17 D2 D3 D5 D6 D7 D8 D9,D0 D1 D14 D15 D16 D2 D5 D6 D7 D8
2,B28,D0 D1 D14 D15 D16 D2 D5 D6 D7 D8,D0 D1 D14 D15 D16 D2 D5 D6 D7 D8
2,B29,D0 D1 D14 D15 D16 D2 D5 D6 D7 D8,D0 D1 D14 D15 D16 D2 D5 D6 D7 D8
2,B3,D0 D1 D14 D15 D16 D17 D2 D3 D5 D6 D7 D8 D9,D0 D1 D14 D15 D16 D17 D2 D3 D5 D6 D7 D8 D9
2,B30,D0 D1 D14 D15 D16 D2 D5 D6 D7 D8,D0 D1 D14 D15 D16 D2 D5 D6 D7 D8
2,B31,D0 D1 D14 D15 D16 D2 D5 D6 D7 D8,D0 D1 D14 D15 D16 D2 D5 D6 D7 D8
2,B32,D0 D1 D14 D15 D16 D17 D2 D3 D5 D6 D7 D8 D9,D0 D1 D14 D15 D16 D17 D2 D3 D5 D6 D7 D8 D9
2,B33,D0 D1 D14 D15 D16 D17 D2 D3 D5 D6 D7 D8 D9,D0 D1 D14 D15 D16 D17 D2 D3 D5 D6 D7 D8 D9
2,B34,D0 D1 D14 D15 D16 D17 D2 D3 D5 D6 D7 D8 D9,D0 D1 D14 D15 D16 D17 D2 D3 D5 D6 D7 D8 D9
2,B35,D0 D1 D14 D15 D16 D17 D2 D3 D5 D6 D7 D8 D9,D0 D1 D14 D15 D16 D2 D5 D7 D8 D9
2,B36,D0 D1 D10 D11 D12 D14 D15 D16 D2 D5 D7 D8 D9,D0 D1 D10 D11 D12 D14 D15 D16 D2 D5 D7 D8 D9
2,B37,D0 D1 D10 D11 D12 D14 D15 D16 D2 D5 D7 D8 D9,D0 D1 D10 D11 D12 D14 D15 D16 D2 D5 D9
2,B38,D0 D1 D10 D11 D12 D14 D15 D16 D2 D5 D9,D0 D1 D10 D11 D12 D14 D15 D16 D2 D5 D9
2,B39,D0 D1 D10 D11 D12 D14 D15 D16 D2 D5 D7 D8 D9,D0 D1 D10 D11 D12 D14 D15 D16 D2 D5 D7 D8 D9
2,B4,D0 D1 D14 D15 D16 D17 D2 D3 D5 D6 D7 D8 D9,D0 D1 D14 D15 D16 D17 D2 D3 D5 D6 D7 D8 D9
2,B40,D0 D1 D14 D15 D16 D17 D2 D3 D5 D6 D7 D8 D9,D0 D1 D14 D15 D16 D17 D2 D3 D5 D6 D7 D8 D9
2,B41,D0 D1 D14 D15 D16 D17 D2 D3 D5 D6 D7 D8 D9,D0 D1 D14 D15 D16 D17 D2 D3 D5 D6 D7 D8 D9
2,B42,D0 D1 D14 D15 D16 D17 D2 D3 D5 D6 D7 D8 D9,D0 D1 D14 D15 D16 D17 D2 D3 D5 D6 D7 D8 D9
2,B43,D0 D1 D14 D15 D16 D17 D2 D3 D5 D6 D7 D8 D9,D0 D1 D13 D14 D15 D16 D2 D5 D7 D8
2,B44,D0 D1 D13 D14 D15 D16 D2 D5 D7 D8,D0 D1 D13 D14 D15 D16 D2 D5 D7 D8
2,B45,D0 D1 D13 D14 D15 D16 D2 D5 D7 D8,D0 D1 D13 D14 D15 D16 D2 D5 D7 D8
2,B46,D0 D1 D13 D14 D15 D16 D2 D5 D7 D8,D0 D1 D13 D14 D15 D16 D2 D5 D7 D8
2,B47,D0 D1 D13 D14 D15 D16 D2 D5 D7 D8,D0 D1 D13 D14 D15 D16 D2 D5 D7 D8
2,B48,D0 D1 D13 D14 D15 D16 D2 D5 D7 D8,D0 D1 D14 D15 D16 D17 D2 D5 D7 D8
2,B49,D0 D1 D14 D15 D16 D17 D18 D19 D2 D5 D7 D8,D0 D1 D14 D15 D16 D17 D18 D19 D2 D5 D7 D8
2,B5,D0 D1 D14 D15 D16 D17 D2 D3 D5 D6 D7 D8 D9,D0 D1 D14 D15 D16 D17 D2 D3 D5 D6 D7 D8 D9
2,B50,D0 D1 D14 D15 D16 D17 D18 D19 D2 D5 D7 D8,D0 D1 D14 D15 D16 D17 D18 D19 D2 D5 D7 D8
2,B51,D0 D1 D14 D15 D16 D17 D18 D19 D2 D5 D7 D8,D0 D1 D14 D15 D16 D17 D18 D19 D2 D5 D7 D8
2,B52,D0 D1 D14 D15 D16 D17 D18 D19 D2 D5 D7 D8,D0 D1 D14 D16 D17 D18 D19 D2 D5 D7 D8
2,B53,D0 D1 D14 D15 D16 D17 D18 D19 D2 D5 D7 D8,D0 D1 D14 D15 D16 D17 D18 D19 D2 D5 D7 D8
2,B54,D0 D1 D14 D15 D16 D17 D18 D19 D2 D5 D7 D8,D0 D1 D14 D15 D16 D17 D18 D19 D2 D5 D7 D8
2,B55,D0 D1 D14 D15 D16 D17 D18 D19 D2 D5 D7 D8,D0 D1 D14 D15 D17 D18 D19 D2 D5 D7 D8
2,B56,D0 D1 D14 D15 D16 D17 D18 D19 D2 D5 D7 D8,D0 D1 D14 D15 D16 D17 D18 D19 D2 D5 D7 D8
2,B57,D0 D1 D14 D15 D16 D17 D18 D19 D2 D5 D7 D8,D0 D1 D14 D15 D16 D17 D18 D19 D2 D5 D7 D8
2,B58,D0 D1 D14 D15 D16 D17 D18 D19 D2 D5 D7 D8,D0 D1 D14 D15 D16 D17 D18 D19 D2 D5 D7 D8
2,B59,D0 D1 D14 D15 D16 D17 D2 D3 D5 D6 D7 D8 D9,D0 D1 D14 D15 D16 D17 D2 D3 D5 D6 D7 D8 D9
2,B6,D0 D1 D14 D15 D16 D17 D2 D3 D5 D6 D7 D8 D9,D0 D1 D14 D15 D16 D17 D2 D3 D5 D6 D7 D8 D9
2,B60,D0 D1 D14 D15 D16 D17 D18 D19 D2 D3 D5 D6 D7 D8 D9,D0 D1 D14 D15 D16 D17 D18 D19 D2 D3 D5 D6 D7 D8 D9
2,B61,D0 D1 D10 D11 D12 D14 D15 D16 D17 D18 D19 D2 D3 D5 D6 D7 D8 D9,D0 D1 D10 D11 D12 D14 D15 D16 D17 D18 D19 D2 D3 D5 D6 D7 D8 D9
2,B62,D0 D1 D10 D11 D12 D14 D15 D16 D17 D18 D19 D2 D3 D5 D6 D7 D8 D9,D0 D1 D10 D11 D12 D14 D15 D16 D17 D18 D19 D2 D3 D5 D6 D7 D8 D9
2,B63,D0 D1 D10 D11 D12 D14 D15 D16 D17 D18 D19 D2 D3 D4 D5 D6 D7 D8 D9,D0 D1 D10 D11 D12 D14 D15 D16 D17 D18 D19 D2 D3 D4 D5 D6 D7 D8 D9
2,B64,D0 D1 D14 D15 D16 D17 D2 D3 D5 D6 D7 D8 D9,D0 D1 D14 D15 D16 D17 D2 D3 D5 D6 D7 D8 D9
2,B7,D0 D1 D14 D15 D16 D17 D2 D3 D5 D6 D7 D8 D9,D0 D1 D14 D15 D16 D17 D3 D5 D6 D7 D8 D9
2,B8,D0 D1 D14 D15 D16 D17 D3 D5 D6 D7 D8 D9,D0 D1 D14 D15 D16 D17 D3 D5 D6 D7 D8 D9
2,B9,D0 D1 D14 D15 D16 D17 D3 D5 D6 D7 D8 D9,D0 D14 D15 D16 D17 D2 D3 D5 D6 D7 D8 D9
3,B0,,D0
3,B1,D0 D1 D10 D11 D12 D14 D15 D16 D17 D18 D19 D2 D3 D4 D5 D6 D7 D8 D9,D0 D1 D10 D11 D12 D14 D15 D16 D17 D18 D19 D2 D3 D4 D5 D6 D7 D8 D9
3,B10,D0 D1 D10 D11 D12 D14 D15 D16 D17 D18 D19 D3 D5 D6 D7 D8 D9,D0 D1 D10 D11 D12 D14 D15 D16 D17 D18 D19 D3 D5 D6 D7 D8 D9
3,B11,D0 D1 D10 D11 D12 D14 D15 D16 D17 D18 D19 D3 D5 D6 D7 D8 D9,D0 D1 D10 D11 D12 D14 D15 D16 D18 D19 D3 D5 D7 D8
3,B12,D0 D1 D10 D11 D12 D14 D15 D16 D18 D19 D3 D4 D5 D7 D8,D0 D1 D10 D11 D12 D14 D15 D16 D18 D19 D3 D4 D5 D7 D8
3,B13,D0 D1 D10 D11 D12 D14 D15 D16 D18 D19 D3 D4 D5 D7 D8,D0 D1 D10 D11 D12 D14 D15 D16 D18 D19 D3 D4 D5 D7 D8
3,B14,D0 D1 D10 D11 D12 D14 D15 D16 D18 D19 D3 D4 D5 D7 D8,D0 D1 D10 D11 D12 D14 D15 D16 D18 D19 D3 D4 D5 D7 D8
3,B15,D0 D1 D10 D11 D12 D14 D15 D16 D18 D19 D3 D4 D5 D7 D8,D0 D10 D11 D12 D14 D15 D16 D18 D19 D3 D4 D5 D7 D8
3,B16,D0 D1 D10 D11 D12 D14 D15 D16 D18 D19 D3 D4 D5 D7 D8,D0 D1 D10 D11 D12 D14 D15 D16 D18 D19 D3 D4 D5 D7 D8
3,B17,D0 D1 D10 D11 D12 D14 D15 D16 D18 D19 D3 D4 D5 D7 D8,D0 D1 D10 D11 D12 D14 D15 D16 D18 D19 D3 D4 D5 D7 D8
3,B18,D0 D1 D10 D11 D12 D14 D15 D16 D18 D19 D3 D4 D5 D7 D8,D0 D1 D10 D11 D12 D14 D15 D16 D18 D19 D3 D4 D5 D7 D8
3,B19,D0 D1 D10 D11 D12 D14 D15 D16 D17 D18 D19 D2 D3 D4 D5 D6 D7 D8 D9,D0 D1 D10 D11 D12 D14 D15 D16 D17 D18 D19 D2 D3 D4 D5 D6 D7 D8 D9
3,B2,D0 D1 D10 D11 D12 D14 D15 D16 D17 D18 D19 D2 D3 D4 D5 D6 D7 D8 D9,D0 D1 D10 D11 D12 D14 D15 D16 D17 D18 D19 D2 D3 D4 D5 D6 D7 D8 D9
3,B20,D0 D1 D10 D11 D12 D14 D15 D16 D17 D18 D19 D2 D3 D4 D5 D6 D7 D8 D9,D0 D1 D10 D11 D12 D14 D15 D16 D17 D18 D19 D2 D3 D4 D5 D6 D7 D8 D9
3,B21,D0 D1 D10 D11 D12 D14 D15 D16 D17 D18 D19 D2 D3 D4 D5 D6 D7 D8 D9,D0 D1 D10 D11 D12 D14 D15 D16 D17 D18 D19 D2 D3 D4 D5 D6 D7 D8 D9
3,B22,D0 D1 D10 D11 D12 D14 D15 D16 D17 D18 D19 D2 D3 D4 D5 D6 D7 D8 D9,D0 D1 D10 D11 D12 D14 D15 D16 D17 D18 D19 D2 D3 D4 D5 D6 D7 D8 D9
3,B23,D0 D1 D10 D11 D12 D14 D15 D16 D17 D18 D19 D2 D3 D4 D5 D6 D7 D8 D9,D0 D1 D10 D11 D12 D14 D15 D16 D17 D18 D19 D2 D3 D4 D5 D6 D7 D8 D9
3,B24,D0 D1 D10 D11 D12 D14 D15 D16 D17 D18 D19 D2 D3 D4 D5 D6 D7 D8 D9,D0 D1 D10 D11 D12 D14 D15 D16 D17 D18 D19 D2 D3 D4 D5 D6 D7 D8 D9
3,B25,D0 D1 D10 D11 D12 D14 D15 D16 D17 D18 D19 D2 D3 D4 D5 D6 D7 D8 D9,D0 D1 D10 D11 D12 D14 D15 D16 D17 D18 D19 D2 D3 D4 D5 D6 D7 D8 D9
3,B26,D0 D1 D10 D11 D12 D14 D15 D16 D17 D18 D19 D2 D3 D4 D5 D6 D7 D8 D9,D0 D1 D10 D11 D12 D14 D15 D16 D17 D18 D19 D2 D3 D4 D5 D6 D7 D8 D9
3,B27,D0 D1 D10 D11 D12 D14 D15 D16 D17 D18 D19 D2 D3 D4 D5 D6 D7 D8 D9,D0 D1 D10 D11 D12 D14 D15 D16 D18 D19 D2 D4 D5 D6 D7 D8
3,B28,D0 D1 D10 D11 D12 D14 D15 D16 D18 D19 D2 D4 D5 D6 D7 D8,D0 D1 D10 D11 D12 D14 D15 D16 D18 D19 D2 D4 D5 D6 D7 D8
3,B29,D0 D1 D10 D11 D12 D14 D15 D16 D18 D19 D2 D4 D5 D6 D7 D8,D0 D1 D10 D11 D12 D14 D15 D16 D18 D19 D2 D4 D5 D6 D7 D8
3,B3,D0 D1 D10 D11 D12 D14 D15 D16 D17 D18 D19 D2 D3 D4 D5 D6 D7 D8 D9,D0 D1 D10 D11 D12 D14 D15 D16 D17 D18 D19 D2 D3 D4 D5 D6 D7 D8 D9
3,B30,D0 D1 D10 D11 D12 D14 D15 D16 D18 D19 D2 D4 D5 D6 D7 D8,D0 D1 D10 D11 D12 D14 D15 D16 D18 D19 D2 D4 D5 D6 D7 D8
3,B31,D0 D1 D10 D11 D12 D14 D15 D16 D18 D19 D2 D4 D5 D6 D7 D8,D0 D1 D10 D11 D12 D14 D15 D16 D18 D19 D2 D4 D5 D6 D7 D8
3,B32,D0 D1 D10 D11 D12 D14 D15 D16 D17 D18 D19 D2 D3 D4 D5 D6 D7 D8 D9,D0 D1 D10 D11 D12 D14 D15 D16 D17 D18 D19 D2 D3 D4 D5 D6 D7 D8 D9
3,B33,D0 D1 D10 D11 D12 D14 D15 D16 D17 D18 D19 D2 D3 D4 D5 D6 D7 D8 D9,D0 D1 D10 D11 D12 D14 D15 D16 D17 D18 D19 D2 D3 D4 D5 D6 D7 D8 D9
3,B34,D0 D1 D10 D11 D12 D14 D15 D16 D17 D18 D19 D2 D3 D4 D5 D6 D7 D8 D9,D0 D1 D10 D14 D15 D16 D17 D18 D19 D2 D3 D4 D5 D6 D7 D8 D9
3,B35,D0 D1 D10 D14 D15 D16 D17 D18 D19 D2 D3 D4 D5 D6 D7 D8 D9,D0 D1 D10 D14 D15 D16 D18 D19 D2 D4 D5 D7 D8 D9
3,B36,D0 D1 D10 D11 D12 D14 D15 D16 D18 D19 D2 D4 D5 D7 D8 D9,D0 D1 D10 D11 D12 D14 D15 D16 D18 D19 D2 D4 D5 D7 D8 D9
3,B37,D0 D1 D10 D11 D12 D14 D15 D16 D18 D19 D2 D4 D5 D7 D8 D9,D0 D1 D10 D11 D12 D14 D15 D16 D18 D19 D2 D4 D5 D9
3,B38,D0 D1 D10 D11 D12 D14 D15 D16 D18 D19 D2 D4 D5 D9,D0 D1 D10 D11 D12 D14 D15 D16 D18 D19 D2 D4 D5 D9
3,B39,D0 D1 D10 D11 D12 D14 D15 D16 D18 D19 D2 D4 D5 D7 D8 D9,D0 D1 D10 D11 D12 D14 D15 D16 D18 D19 D2 D4 D5 D7 D8 D9
3,B4,D0 D1 D10 D11 D12 D14 D15 D16 D17 D18 D19 D2 D3 D4 D5 D6 D7 D8 D9,D0 D1 D10 D11 D12 D14 D15 D16 D17 D18 D19 D2 D3 D4 D5 D6 D7 D8 D9
3,B40,D0 D1 D10 D11 D12 D14 D15 D16 D17 D18 D19 D2 D3 D4 D5 D6 D7 D8 D9,D0 D1 D10 D11 D12 D14 D15 D16 D17 D18 D19 D2 D3 D4 D5 D6 D7 D8 D9
3,B41,D0 D1 D10 D11 D12 D14 D15 D16 D17 D18 D19 D2 D3 D4 D5 D6 D7 D8 D9,D0 D1 D10 D11 D12 D14 D15 D16 D17 D18 D19 D2 D3 D4 D5 D6 D7 D8 D9
3,B42,D0 D1 D10 D11 D12 D14 D15 D16 D17 D18 D19 D2 D3 D4 D5 D6 D7 D8 D9,D0 D1 D10 D11 D12 D14 D15 D16 D17 D18 D19 D2 D3 D4 D5 D6 D7 D8 D9
3,B43,D0 D1 D10 D11 D12 D14 D15 D16 D17 D18 D19 D2 D3 D4 D5 D6 D7 D8 D9,D0 D1 D10 D11 D12 D13 D14 D15 D16 D18 D19 D2 D4 D5 D7 D8
3,B44,D0 D1 D10 D11 D12 D13 D14 D15 D16 D18 D19 D2 D4 D5 D7 D8,D0 D1 D10 D11 D12 D13 D14 D15 D16 D18 D19 D2 D4 D5 D7 D8
3,B45,D0 D1 D10 D11 D12 D13 D14 D15 D16 D18 D19 D2 D4 D5 D7 D8,D0 D1 D10 D11 D12 D13 D14 D15 D16 D18 D19 D2 D4 D5 D7 D8
3,B46,D0 D1 D10 D11 D12 D13 D14 D15 D16 D18 D19 D2 D4 D5 D7 D8,D0 D1 D10 D11 D12 D13 D14 D15 D16 D18 D19 D2 D4 D5 D7 D8
3,B47,D0 D1 D10 D11 D12 D13 D14 D15 D16 D18 D19 D2 D4 D5 D7 D8,D0 D1 D10 D11 D12 D13 D14 D15 D16 D2 D4 D5 D7 D8
3,B48,D0 D1 D10 D11 D12 D13 D14 D15 D16 D2 D4 D5 D7 D8,D0 D1 D10 D11 D12 D14 D15 D16 D17 D2 D4 D5 D7 D8
3,B49,D0 D1 D10 D11 D12 D14 D15 D16 D17 D18 D19 D2 D4 D5 D7 D8,D0 D1 D10 D11 D12 D14 D15 D16 D17 D18 D19 D2 D4 D5 D7 D8
3,B5,D0 D1 D10 D11 D12 D14 D15 D16 D17 D18 D19 D2 D3 D4 D5 D6 D7 D8 D9,D0 D1 D10 D11 D12 D14 D15 D16 D17 D18 D19 D2 D3 D4 D5 D6 D7 D8 D9
3,B50,D0 D1 D10 D11 D12 D14 D15 D16 D17 D18 D19 D2 D4 D5 D7 D8,D0 D1 D10 D11 D12 D14 D15 D16 D17 D18 D19 D2 D4 D5 D7 D8
3,B51,D0 D1 D10 D11 D12 D14 D15 D16 D17 D18 D19 D2 D4 D5 D7 D8,D0 D1 D10 D11 D12 D14 D15 D16 D17 D18 D19 D2 D4 D5 D7 D8
3,B52,D0 D1 D10 D11 D12 D14 D15 D16 D17 D18 D19 D2 D4 D5 D7 D8,D0 D1 D10 D11 D12 D14 D16 D17 D18 D19 D2 D4 D5 D7 D8
3,B53,D0 D1 D10 D11 D12 D14 D15 D16 D17 D18 D19 D2 D4 D5 D7 D8,D0 D1 D10 D11 D12 D14 D15 D16 D17 D18 D19 D2 D4 D5 D7 D8
3,B54,D0 D1 D10 D11 D12 D14 D15 D16 D17 D18 D19 D2 D4 D5 D7 D8,D0 D1 D10 D11 D12 D14 D15 D16 D17 D18 D19 D2 D4 D5 D7 D8
3,B55,D0 D1 D10 D11 D12 D14 D15 D16 D17 D18 D19 D2 D4 D5 D7 D8,D0 D1 D10 D11 D12 D14 D15 D17 D18 D19 D2 D4 D5 D7 D8
3,B56,D0 D1 D10 D11 D12 D14 D15 D16 D17 D18 D19 D2 D4 D5 D7 D8,D0 D1 D10 D11 D12 D14 D15 D16 D17 D18 D19 D2 D4 D5 D7 D8
3,B57,D0 D1 D10 D11 D12 D14 D15 D16 D17 D18 D19 D2 D4 D5 D7 D8,D0 D1 D10 D11 D12 D14 D15 D16 D17 D18 D19 D2 D4 D5 D7 D8
3,B58,D0 D1 D10 D11 D12 D14 D15 D16 D17 D18 D19 D2 D4 D5 D7 D8,D0 D1 D10 D11 D12 D14 D15 D16 D17 D18 D19 D2 D4 D5 D7 D8
3,B59,D0 D1 D10 D11 D12 D14 D15 D16 D17 D18 D19 D2 D3 D4 D5 D6 D7 D8 D9,D0 D1 D10 D11 D12 D14 D15 D16 D17 D18 D19 D2 D3 D4 D5 D6 D7 D8 D9
3,B6,D0 D1 D10 D11 D12 D14 D15 D16 D17 D18 D19 D2 D3 D4 D5 D6 D7 D8 D9,D0 D1 D10 D11 D12 D14 D15 D16 D17 D18 D19 D2 D3 D4 D5 D6 D7 D8 D9
3,B60,D0 D1 D10 D11 D12 D14 D15 D16 D17 D18 D19 D2 D3 D4 D5 D6 D7 D8 D9,D0 D1 D10 D11 D12 D14 D15 D16 D17 D18 D19 D2 D3 D4 D5 D6 D7 D8 D9
3,B61,D0 D1 D10 D11 D12 D14 D15 D16 D17 D18 D19 D2 D3 D4 D5 D6 D7 D8 D9,D0 D1 D10 D11 D12 D14 D15 D16 D17 D18 D19 D2 D3 D4 D5 D6 D7 D8 D9
3,B62,D0 D1 D10 D11 D12 D14 D15 D16 D17 D18 D19 D2 D3 D4 D5 D6 D7 D8 D9,D0 D1 D10 D11 D12 D14 D15 D16 D17 D18 D19 D2 D3 D4 D5 D6 D7 D8 D9
3,B63,D0 D1 D10 D11 D12 D14 D15 D16 D17 D18 D19 D2 D3 D4 D5 D6 D7 D8 D9,D0 D1 D10 D11 D12 D14 D15 D16 D17 D18 D19 D2 D3 D4 D5 D6 D7 D8 D9
3,B64,D0 D1 D10 D11 D12 D14 D15 D16 D17 D18 D19 D2 D3 D4 D5 D6 D7 D8 D9,D0 D1 D10 D11 D12 D14 D15 D16 D17 D18 D19 D2 D3 D4 D5 D6 D7 D8 D9
3,B7,D0 D1 D10 D11 D12 D14 D15 D16 D17 D18 D19 D2 D3 D4 D5 D6 D7 D8 D9,D0 D1 D10 D11 D12 D14 D15 D16 D17 D18 D19 D3 D5 D6 D7 D8 D9
3,B8,D0 D1 D10 D11 D12 D14 D15 D16 D17 D18 D19 D3 D5 D6 D7 D8 D9,D0 D1 D10 D11 D12 D14 D15 D16 D17 D18 D19 D3 D5 D6 D7 D8 D9
3,B9,D0 D1 D10 D11 D12 D14 D15 D16 D17 D18 D19 D3 D5 D6 D7 D8 D9,D0 D10 D11 D12 D14 D15 D16 D17 D18 D19 D2 D3 D5 D6 D7 D8 D9